Workbook

Sheet ReelStrips
A1: Reel1 | B1: Reel2 | C1: Reel3 | E1: Simbol | F1: R1 | G1: R2 | H1: R3
A2: C | B2: C | C2: C | E2: C | F2: =COUNTIF(A:A,"C") -> 6 | G2: =COUNTIF(B:B,"C") -> 4 | H2: =COUNTIF(C:C,"C") -> 3
A3: C | B3: C | C3: C | E3: L | F3: =COUNTIF(A:A,"L") -> 5 | G3: =COUNTIF(B:B,"L") -> 5 | H3: =COUNTIF(C:C,"L") -> 4
A4: C | B4: C | C4: L | E4: O | F4: =COUNTIF(A:A,"O") -> 4 | G4: =COUNTIF(B:B,"O") -> 5 | H4: =COUNTIF(C:C,"O") -> 5
A5: C | B5: L | C5: L | E5: B | F5: =COUNTIF(A:A,"B") -> 2 | G5: =COUNTIF(B:B,"B") -> 2 | H5: =COUNTIF(C:C,"B") -> 3
A6: L | B6: L | C6: L | E6: W | F6: =COUNTIF(A:A,"W") -> 1 | G6: =COUNTIF(B:B,"W") -> 1 | H6: =COUNTIF(C:C,"W") -> 1
A7: L | B7: L | C7: O | E7: - | F7: =COUNTIF(A:A,"-") -> 2 | G7: =COUNTIF(B:B,"-") -> 3 | H7: =COUNTIF(C:C,"-") -> 4
A8: L | B8: O | C8: O | E8: Zbir | F8: =SUM(F2:F7) -> 20 | G8: =SUM(G2:G7) -> 20 | H8: =SUM(H2:H7) -> 20
A9: O | B9: O | C9: O
A10: O | B10: O | C10: B
A11: B | B11: B | C11: B
A12: C | B12: C | C12: C
A13: C | B13: L | C13: L
A14: L | B14: L | C14: O
A15: L | B15: O | C15: O
A16: O | B16: O | C16: B
A17: O | B17: B | C17: W
A18: B | B18: W | C18: -
A19: W | B19: - | C19: -
A20: - | B20: - | C20: -
A21: - | B21: - | C21: -

Sheet Combinations
A1: Combinations | B1: Ways | C1: Probability | D1: Payout | E1: Contribution
A2: WWW | B2: =ReelStrips!$F6 * ReelStrips!$G6 * ReelStrips!$H6 -> 1 | C2: =B2/8000 -> 0.000125 | D2: 100 | E2: =C2*D2 -> 0.0125
A3: BBB with Wild | B3: =(ReelStrips!$F5 + ReelStrips!$F6) * (ReelStrips!$G5 + ReelStrips!$G6) * (ReelStrips!$H5 + ReelStrips!$H6) - 1 -> 35 | C3: =B3/8000 -> 0.004375 | D3: 50 | E3: =C3*D3 -> 0.21875
A4: OOO with Wild | B4: =(ReelStrips!$F4 + ReelStrips!$F6) * (ReelStrips!$G4 + ReelStrips!$G6) * (ReelStrips!$H4 + ReelStrips!$H6) - 1 -> 179 | C4: =B4/8000 -> 0.022375 | D4: 20 | E4: =C4*D4 -> 0.4475
A5: LLL with Wild | B5: =(ReelStrips!$F3 + ReelStrips!$F6) * (ReelStrips!$G3 + ReelStrips!$G6) * (ReelStrips!$H3 + ReelStrips!$H6) - 1 -> 179 | C5: =B5/8000 -> 0.022375 | D5: 10 | E5: =C5*D5 -> 0.22375
A6: CCC with Wild | B6: =(ReelStrips!$F2 + ReelStrips!$F6) * (ReelStrips!$G2 + ReelStrips!$G6) * (ReelStrips!$H2 + ReelStrips!$H6) - 1 -> 139 | C6: =B6/8000 -> 0.017375 | D6: 5 | E6: =C6*D6 -> 0.086875
D7: Partial RTP | E7: =SUM(E2:E6) -> 0.989375

Sheet Paytable
A1: WWW | B1: 80
A2: BBB (Wild OK) | B2: 40
A3: OOO (Wild OK) | B3: 16
A4: LLL (Wild OK) | B4: 8
A5: CCC (Wild OK) | B5: 4
A6: Exactly 2 Wilds | B6: 10
A7: Exactly 1 Wild | B7: 1
A8: CC any | B8: 1
A9: Other | B9: 0

Sheet Summary
A1: Game name | B1: Fruit Master
A2: Version | B2: 1
A3: Type | B3: 3 - reel, 1 - line
A4: Bet | B4: 1
A5: Positions per reel | B5: 20
A6: Total outcomes | B6: 8000
A7: Max win | B7: 80
A8: Date | B8: 46239
A9: Theoretical results
A10: RTP | B10: 0.961125
A11: RTP % | B11: 0.961125
A12: House edge % | B12: =100% - B11 -> 0.038875
A13: Hit frequency | B13: 0.226125
A14: Hit frequency % | B14: 0.226125
A15: Method | B15: Full eunmeration of 8000 outcomes
A16: Simulation results
A17: RTP | B17: 0.966397
A18: RTP % | B18: 0.966397
A19: Difference (pp) | B19: 0.5272
A20: Volatility (std) | B20: 3.82237
A21: Hit frequency (sim) | B21: 0.226385
A22: Hit frequency % (sim) | B22: 0.226385
A23: Max observed win | B23: 80
A24: Spins | B24: 1000000
A25: Seed | B25: 42
A26: Status
A27: Status | B27: Complete – balanced & validated
A28: Balancing note | B28: Initial 132.3% → final 96.11%
A29: Files | B29: enumerate_rtp.py, simulation.py, game_math_document.md
