Workbook

Sheet ReelStrips
A1: Reel1 | B1: Reel2 | C1: Reel3 | E1: Simbol | F1: R1 | G1: R2 | H1: R3
A2: C | B2: C | C2: C | E2: C | F2: =COUNTIF(A:A,"C") | G2: =COUNTIF(B:B,"C") | H2: =COUNTIF(C:C,"C")
A3: C | B3: C | C3: C | E3: L | F3: =COUNTIF(A:A,"L") | G3: =COUNTIF(B:B,"L") | H3: =COUNTIF(C:C,"L")
A4: C | B4: C | C4: L | E4: O | F4: =COUNTIF(A:A,"O") | G4: =COUNTIF(B:B,"O") | H4: =COUNTIF(C:C,"O")
A5: C | B5: L | C5: L | E5: B | F5: =COUNTIF(A:A,"B") | G5: =COUNTIF(B:B,"B") | H5: =COUNTIF(C:C,"B")
A6: L | B6: L | C6: L | E6: W | F6: =COUNTIF(A:A,"W") | G6: =COUNTIF(B:B,"W") | H6: =COUNTIF(C:C,"W")
A7: L | B7: L | C7: O | E7: - | F7: =COUNTIF(A:A,"-") | G7: =COUNTIF(B:B,"-") | H7: =COUNTIF(C:C,"-")
A8: L | B8: O | C8: O | E8: Zbir | F8: =SUM(F2:F7) | G8: =SUM(G2:G7) | H8: =SUM(H2:H7)
A9: O | B9: O | C9: O
A10: O | B10: O | C10: B
A11: B | B11: B | C11: B
A12: C | B12: C | C12: C
A13: C | B13: L | C13: L
A14: L | B14: L | C14: O
A15: L | B15: O | C15: O
A16: O | B16: O | C16: B
A17: O | B17: B | C17: W
A18: B | B18: W | C18: -
A19: W | B19: - | C19: -
A20: - | B20: - | C20: -
A21: - | B21: - | C21: -

Sheet Combinations
A1: Combinations | B1: Ways | C1: Probability | D1: Payout | E1: Contribution
A2: WWW | B2: =ReelStrips!$F6 * ReelStrips!$G6 * ReelStrips!$H6 | C2: =B2/8000 | D2: ='Paytable'!B1 | E2: =C2*D2
A3: BBB with Wild | B3: =(ReelStrips!$F5 + ReelStrips!$F6) * (ReelStrips!$G5 + ReelStrips!$G6) * (ReelStrips!$H5 + ReelStrips!$H6) - 1 | C3: =B3/8000 | D3: ='Paytable'!B2 | E3: =C3*D3
A4: OOO with Wild | B4: =(ReelStrips!$F4 + ReelStrips!$F6) * (ReelStrips!$G4 + ReelStrips!$G6) * (ReelStrips!$H4 + ReelStrips!$H6) - 1 | C4: =B4/8000 | D4: ='Paytable'!B3 | E4: =C4*D4
A5: LLL with Wild | B5: =(ReelStrips!$F3 + ReelStrips!$F6) * (ReelStrips!$G3 + ReelStrips!$G6) * (ReelStrips!$H3 + ReelStrips!$H6) - 1 | C5: =B5/8000 | D5: ='Paytable'!B4 | E5: =C5*D5
A6: CCC with Wild | B6: =(ReelStrips!$F2 + ReelStrips!$F6) * (ReelStrips!$G2 + ReelStrips!$G6) * (ReelStrips!$H2 + ReelStrips!$H6) - 1 | C6: =B6/8000 | D6: ='Paytable'!B5 | E6: =C6*D6
A7: Exactly 2 Wilds | B7: =(ReelStrips!$F6*ReelStrips!$G6*ReelStrips!$H7)+(ReelStrips!$F6*ReelStrips!$G7*ReelStrips!$H6)+(ReelStrips!$F7*ReelStrips!$G6*ReelStrips!$H6) | C7: =B7/8000 | D7: ='Paytable'!B6 | E7: =C7*D7
A8: Exactly 1 Wild | B8: 883 | C8: =B8/8000 | D8: ='Paytable'!B7 | E8: =C8*D8
A9: CC any | B9: 384 | C9: =B9/8000 | D9: ='Paytable'!B8 | E9: =C9*D9
D10: Theoretical RTP | E10: =SUM(E2:E9)
A12: Note: Ways for 'Exactly 1 Wild' and 'CC any' involve multi-case exclusion logic
A13: that is impractical as a single Excel formula; values cross-validated via full
A14: enumeration in src/enumerate_rtp.py (category breakdown of all 8,000 outcomes).

Sheet Paytable
A1: WWW | B1: 80
A2: BBB (Wild OK) | B2: 40
A3: OOO (Wild OK) | B3: 16
A4: LLL (Wild OK) | B4: 8
A5: CCC (Wild OK) | B5: 4
A6: Exactly 2 Wilds | B6: 10
A7: Exactly 1 Wild | B7: 1
A8: CC any | B8: 1
A9: Other | B9: 0

Sheet Summary
A1: Game name | B1: Fruit Master
A2: Version | B2: 1
A3: Type | B3: 3 - reel, 1 - line
A4: Bet | B4: 1
A5: Positions per reel | B5: 20
A6: Total outcomes | B6: 8000
A7: Max win | B7: 80
A8: Date | B8: 46239
A9: Theoretical results
A10: RTP | B10: 0.961125
A11: RTP % | B11: 0.961125
A12: House edge % | B12: =100% - B11
A13: Hit frequency | B13: 0.226125
A14: Hit frequency % | B14: 0.226125
A15: Method | B15: Full eunmeration of 8000 outcomes
A16: Simulation results
A17: RTP | B17: 0.966397
A18: RTP % | B18: 0.966397
A19: Difference (pp) | B19: 0.5272
A20: Volatility (std) | B20: 3.82237
A21: Hit frequency (sim) | B21: 0.226385
A22: Hit frequency % (sim) | B22: 0.226385
A23: Max observed win | B23: 80
A24: Spins | B24: 1000000
A25: Seed | B25: 42
A26: Status
A27: Status | B27: Complete – balanced & validated
A28: Balancing note | B28: Initial 132.3% → final 96.11%
A29: Files | B29: enumerate_rtp.py, simulation.py, game_math_document.md
